<?xml version="1.0" encoding="UTF-8"?><vBIU xmlns:bfa="urn:com.sap.b1i.bizprocessor:bizatoms" xmlns:xsi="http://www.w3.org/2001/XMLSchema-instance" xmlns="urn:com.sap.b1i.vplatform:entity" xsi:schemaLocation="urn:com.sap.b1i.vplatform:entity ../../com.sap.b1i.vplatform.repository/xsd/vPlatform.xsd" Id="sap.CCO.PayPrePayAccount" version="1.0.0" proc="" SId="sap.CCO.Extension" internal="true" parallel="true" mlogexcl="false" b1isncompmode="false" b1autocommit="false" bi1fver=""><Inbound>
		<Channel Id="INB_WS_CALL_SYNC_XPT">
			<type>Web Service Call</type>
			<mode>Synchronous</mode>
			<trigger>Call</trigger>
			<obj>ExtendCustomer</obj>
			<ident>Root Tag</ident>
			<idpar>n.a.</idpar>
			<idns></idns>
		</Channel>
	</Inbound><Outbound><Channel Id="n.a."></Channel></Outbound></vBIU>